timestamp,image_relpath,pred_label,pred_conf,confirmed_label,pre_loss,notes
1754852317,data/label_inbox/IMG_1336.jpg,unknown,0.350,unknown,0,
1754852320,data/label_inbox/IMG_3208.jpg,unknown,0.350,unknown,0,
1754852322,data/label_inbox/IMG_7087.jpg,unknown,0.350,unknown,0,
1754852357,data/label_inbox/IMG_7088.jpg,unknown,0.350,flood,0,this is
1754852361,data/label_inbox/IMG_7089.jpg,unknown,0.350,flood,0,
1754852368,data/label_inbox/IMG_7090.jpg,unknown,0.350,flood,0,
1754852372,data/label_inbox/IMG_7091.jpg,unknown,0.350,flood,0,
1754852376,data/label_inbox/IMG_7092.jpg,unknown,0.350,flood,0,
1754852379,data/label_inbox/IMG_7093.jpg,unknown,0.350,flood,0,
1754852383,data/label_inbox/IMG_7094.jpg,unknown,0.350,flood,0,
1754852388,data/label_inbox/IMG_7095.jpg,unknown,0.350,flood,0,
1754852392,data/label_inbox/IMG_7096.jpg,unknown,0.350,unknown,0,
1754852395,data/label_inbox/IMG_7097.jpg,unknown,0.350,flood,0,
1754852399,data/label_inbox/IMG_7098.jpg,unknown,0.350,flood,0,
1754852402,data/label_inbox/IMG_7099.jpg,unknown,0.350,flood,0,
1754852407,data/label_inbox/IMG_8623.jpg,unknown,0.350,unknown,0,
1754852412,data/label_inbox/IMG_8626.jpg,unknown,0.350,flood,0,
1754852418,data/label_inbox/IMG_8627.jpg,unknown,0.350,flood,0,
1754852428,data/label_inbox/IMG_8634.jpg,unknown,0.350,unknown,1,
1754852486,"data/label_inbox/1-Jun 10, 2025 18-05-27-Sc7A.jpg",unknown,0.350,unknown,0,
1754852505,"data/label_inbox/10-Jun 10, 2025 17-58-04-FbPP.jpg",unknown,0.350,roof,0,tree through the roof
1754852512,"data/label_inbox/11-Jun 10, 2025 17-51-19-bstg.jpg",unknown,0.350,roof,0,
1754852517,"data/label_inbox/12-Jun 10, 2025 17-51-40-bBXX.jpg",unknown,0.350,roof,0,
1754852528,"data/label_inbox/13-Jun 10, 2025 17-55-32-87vX.jpg",unknown,0.350,roof,0,Tree Damage
1754852532,"data/label_inbox/14-Jun 10, 2025 17-55-33-xQXo.jpg",unknown,0.350,unknown,0,Tree Damage
1754852538,"data/label_inbox/15-Jun 10, 2025 17-51-13-EwBL.jpg",unknown,0.350,roof,0,
1754852545,"data/label_inbox/16-Jun 10, 2025 17-51-09-9xbo.jpg",unknown,0.350,roof,0,
1754852549,"data/label_inbox/17-Jun 10, 2025 17-51-11-gTpa.jpg",unknown,0.350,roof,0,
1754852559,"data/label_inbox/18-Jun 10, 2025 17-51-10-DVcB.jpg",unknown,0.350,roof,0,
1754852563,"data/label_inbox/19-Jun 10, 2025 17-51-08-wq8t.jpg",unknown,0.350,roof,0,
1754852567,"data/label_inbox/2-Jun 10, 2025 18-05-23-eTYn.jpg",unknown,0.350,roof,0,
1754852571,"data/label_inbox/20-Jun 10, 2025 17-50-27-9x3D.jpg",unknown,0.350,unknown,0,
1754852573,"data/label_inbox/3-Jun 10, 2025 17-56-00-BBxW.jpg",unknown,0.350,unknown,0,
1754852578,"data/label_inbox/4-Jun 10, 2025 17-56-02-DGae.jpg",unknown,0.350,roof,0,
1754852581,"data/label_inbox/5-Jun 10, 2025 17-58-06-oykc.jpg",unknown,0.350,roof,0,
1754852584,"data/label_inbox/6-Jun 10, 2025 17-55-47-ezB3.jpg",unknown,0.350,roof,0,
1754852588,"data/label_inbox/7-Jun 10, 2025 18-05-21-j11A.jpg",unknown,0.350,roof,0,
1754852592,"data/label_inbox/8-Jun 10, 2025 17-55-36-5n6p.jpg",unknown,0.350,unknown,0,
1754852596,"data/label_inbox/9-Jun 10, 2025 17-55-38-XsUf.jpg",unknown,0.350,roof,0,
1754948385,data/label_inbox/mold_034746a7591a.jpg,mold,0.800,mold,
1754948386,data/label_inbox/mold_036f17d7b9ff.jpg,mold,0.800,mold,
1754948387,data/label_inbox/mold_068cd9b793ed.jpg,mold,0.800,mold,
1754948387,data/label_inbox/mold_09d819c55ad0.jpg,mold,0.800,mold,
1754948389,data/label_inbox/mold_0a0448985a48.jpg,mold,0.800,mold,
1754948392,data/label_inbox/mold_0b401156ae44.jpg,mold,0.800,mold,
1754948393,data/label_inbox/mold_1093f306cf2e.jpg,mold,0.800,mold,
1754948396,data/label_inbox/mold_1628977f280f.jpg,mold,0.800,mold,
1754948400,data/label_inbox/mold_27742b4b9cf1.jpg,mold,0.800,mold,
1754948402,data/label_inbox/mold_2817c299fb09.jpg,mold,0.800,mold,
1754948402,data/label_inbox/mold_2f5c970d043e.jpg,mold,0.800,mold,
1754948404,data/label_inbox/mold_402975c2f87a.jpg,mold,0.800,mold,
1754948405,data/label_inbox/mold_48cde1f9eb67.jpg,mold,0.800,mold,
1754948409,data/label_inbox/mold_52d6f575ce50.jpg,mold,0.800,mold,
1754948412,data/label_inbox/mold_56638f0475ec.jpg,mold,0.800,mold,
1754948413,data/label_inbox/mold_6a4e13159b76.jpg,mold,0.800,mold,
1754948414,data/label_inbox/mold_6a92aa641d0d.jpg,mold,0.800,mold,
1754948415,data/label_inbox/mold_6b5dc640559f.jpg,mold,0.800,mold,
1754948416,data/label_inbox/mold_6c0c700cb66d.jpg,mold,0.800,mold,
1754948421,data/label_inbox/mold_6c9645ac40ec.jpg,mold,0.800,mold,
1754948422,data/label_inbox/mold_6ca021be7084.jpg,mold,0.800,mold,
1754948423,data/label_inbox/mold_6deb45c7d601.jpg,mold,0.800,mold,
1754948424,data/label_inbox/mold_6e9e90971a1e.jpg,mold,0.800,mold,
1754948592,data/label_inbox/hail_08cfa71dbd80.jpg,unknown,0.350,unknown,
1754948594,data/label_inbox/hail_0e27008cbc0f.jpg,unknown,0.350,unknown,
1754949034,data/label_inbox/hail_11468b1b2a46.jpg,hail,0.800,hail,
1754949049,data/label_inbox/hail_12bc4b7b2bcd.jpg,hail,0.800,hurricane,
1754949051,data/label_inbox/hail_147e4b2c0a0d.jpg,hail,0.800,hail,
1754949056,data/label_inbox/hail_16e8b7368419.jpg,hail,0.800,windstorm,
1754949058,data/label_inbox/hail_2f2b26b75836.jpg,hail,0.800,hail,
1754949061,data/label_inbox/hail_3ce41b7b2376.jpg,hail,0.800,flood,
1754949069,data/label_inbox/hail_453d2e530d26.jpg,hail,0.800,windstorm,
1754949074,data/label_inbox/hail_4754d05a65cc.jpg,hail,0.800,windstorm,
1754949079,data/label_inbox/hail_4f9a733f8c6c.jpg,hail,0.800,hail,
1754949080,data/label_inbox/hail_5caf15165d22.jpg,hail,0.800,hail,
1754949084,data/label_inbox/hail_64ac60244eed.jpg,hail,0.800,windstorm,
1754949087,data/label_inbox/hail_654465a67e57.jpg,hail,0.800,windstorm,
1754949089,data/label_inbox/hail_664d85a627bb.jpg,hail,0.800,hail,
1754949090,data/label_inbox/hail_679285b6c32e.jpg,hail,0.800,hail,
1754949097,data/label_inbox/hail_67c81faabf98.jpg,hail,0.800,other,
1754949102,data/label_inbox/hail_6cbe98d7c717.jpg,hail,0.800,windstorm,
1754949109,data/label_inbox/hail_6cf5ef4a1855.jpg,hail,0.800,windstorm,
1754949112,data/label_inbox/hail_6d3ce1556bcb.jpg,hail,0.800,hail,
1754949113,data/label_inbox/hail_6e148fccbb92.jpg,hail,0.800,hail,
1754949118,data/label_inbox/hail_76327aff07d3.jpg,hail,0.800,other,
1754949121,data/label_inbox/hail_76531405a980.jpg,hail,0.800,hail,
1754949122,data/label_inbox/hail_77a33b7bbde2.jpg,hail,0.800,hail,
1754949123,data/label_inbox/hail_79b36e4bc736.jpg,hail,0.800,hail,
1754949126,data/label_inbox/hail_7e7919f855b9.jpg,hail,0.800,hail,
1754949130,data/label_inbox/hail_7ffe87ecd1a3.jpg,hail,0.800,windstorm,
1754949134,data/label_inbox/hail_8afadc9597b8.jpg,hail,0.800,hail,
1754949135,data/label_inbox/hail_8ba50ef0b81d.jpg,hail,0.800,hail,
1754949144,data/label_inbox/hail_90dd12b0b077.jpg,hail,0.800,windstorm,
1754949150,data/label_inbox/hail_9481d3fb5c4d.jpg,hail,0.800,windstorm,
1754949153,data/label_inbox/hail_94c183ba7535.jpg,hail,0.800,hail,
1754949163,data/label_inbox/hail_9555160001af.jpg,hail,0.800,windstorm,
1754949167,data/label_inbox/hail_9ae55e3a11a7.jpg,hail,0.800,windstorm,
1754949171,data/label_inbox/hail_9c1ae94aa44e.jpg,hail,0.800,windstorm,
1754949175,data/label_inbox/hail_9f40ba11ce01.jpg,hail,0.800,hail,
1754949181,data/label_inbox/hail_a1cad2e0099d.jpg,hail,0.800,fire,
1754949185,data/label_inbox/hail_a337c2c937b0.jpg,hail,0.800,hail,
1754949187,data/label_inbox/hail_a45f5dbb3301.jpg,hail,0.800,hail,
1754949189,data/label_inbox/hail_a61494d0958e.jpg,hail,0.800,hail,
1754949197,data/label_inbox/hail_a7e134be91c1.jpg,hail,0.800,windstorm,
1754949204,data/label_inbox/hail_af06504f45d6.jpg,hail,0.800,windstorm,
1754949206,data/label_inbox/hail_afb6443b5356.jpg,hail,0.800,hail,
1754949213,data/label_inbox/hail_b00027e34272.jpg,hail,0.800,hurricane,
1754949215,data/label_inbox/hail_b452ed903f32.jpg,hail,0.800,hail,
1754949218,data/label_inbox/hail_b8e4e3b642b5.jpg,hail,0.800,hail,
1754949222,data/label_inbox/hail_c38d14df1694.jpg,hail,0.800,windstorm,
1754949227,data/label_inbox/hail_c54186da47b5.jpg,hail,0.800,windstorm,
1754949232,data/label_inbox/hail_c7b53b59bcc8.jpg,hail,0.800,hail,
1754949235,data/label_inbox/hail_ce7a2b3bc361.jpg,hail,0.800,windstorm,
1754949239,data/label_inbox/hail_cedb81ba84b7.jpg,hail,0.800,hail,
1754949241,data/label_inbox/hail_d1c4eac2fb5a.jpg,hail,0.800,hail,
1754949242,data/label_inbox/hail_de5651f9e062.jpg,hail,0.800,hail,
1754949243,data/label_inbox/hail_df8318d4cd72.jpg,hail,0.800,hail,
1754949248,data/label_inbox/hail_e12da97df1ba.jpg,hail,0.800,windstorm,
1754949249,data/label_inbox/hail_e2596c26f1f9.jpg,hail,0.800,hail,
1754949251,data/label_inbox/hail_f21c65ea72db.jpg,hail,0.800,hail,
1754949255,data/label_inbox/hail_f438df15ed20.jpg,hail,0.800,windstorm,
1754949257,data/label_inbox/hail_f7d8560cc729.jpg,hail,0.800,hail,
1754949264,data/label_inbox/hail_fba0fdd67420.jpg,hail,0.800,hail,
1754949291,data/label_inbox/mold_6fbe5433eebf.jpg,unknown,0.350,other,mold
1754949305,data/label_inbox/mold_7ae0d9e18c78.jpg,unknown,0.350,sudden_accidental_water_discharge,
1754949325,data/label_inbox/mold_7cee23eee67e.jpg,unknown,0.350,hurricane,
1754949330,data/label_inbox/mold_8545a60640fc.jpg,unknown,0.350,other,
1754949333,data/label_inbox/mold_857c4f0a3ebd.jpg,unknown,0.350,hurricane,
1754949872,data/label_inbox/mold_869d1640a56a.jpg,mold,0.800,mold,
1754949879,data/label_inbox/mold_8be26628b326.jpg,mold,0.800,flood,
1754949881,data/label_inbox/mold_9cc060682ba1.jpg,mold,0.800,mold,
1754949882,data/label_inbox/mold_9e09eea7e3dc.jpg,mold,0.800,mold,
1754949883,data/label_inbox/mold_a149bf2d50f2.jpg,mold,0.800,mold,
1754949885,data/label_inbox/mold_b453fa0f77c6.jpg,mold,0.800,mold,
1754949886,data/label_inbox/mold_b46b73d4de86.jpg,mold,0.800,mold,
1754949887,data/label_inbox/mold_b497fffaf1df.jpg,mold,0.800,mold,
1754949888,data/label_inbox/mold_b7b487c83b79.jpg,mold,0.800,mold,
1754949889,data/label_inbox/mold_b8dde892bcb2.jpg,mold,0.800,mold,
1754949890,data/label_inbox/mold_b95d46ba9c0d.jpg,mold,0.800,mold,
1754949890,data/label_inbox/mold_ba1fd541b4c5.jpg,mold,0.800,mold,
1754949891,data/label_inbox/mold_bea699237c95.jpg,mold,0.800,mold,
1754949892,data/label_inbox/mold_c2041e112104.jpg,mold,0.800,mold,
1754949893,data/label_inbox/mold_d229fcb0f622.jpg,mold,0.800,mold,
1754949895,data/label_inbox/mold_d2b8d23e73ba.jpg,mold,0.800,mold,
1754949896,data/label_inbox/mold_da3b3f61ae46.jpg,mold,0.800,mold,
1754949896,data/label_inbox/mold_ea55afc866b2.jpg,mold,0.800,mold,
1754949897,data/label_inbox/mold_ea79c0b1e6d9.jpg,mold,0.800,mold,
1754949900,data/label_inbox/mold_f47a723c7d03.jpg,mold,0.800,mold,
1754949903,data/label_inbox/mold_f491cfa9194a.jpg,mold,0.800,mold,
1754949904,data/label_inbox/mold_f945dd725f69.jpg,mold,0.800,mold,
1754949909,data/label_inbox/test_hurricane_photo.jpg,hurricane,0.800,hurricane,
1754950089,data/label_inbox/hurricane_027192926dc0.jpg,hurricane,0.800,hurricane,
1754950090,data/label_inbox/hurricane_0286c0fd8abf.jpg,hurricane,0.800,hurricane,
1754950092,data/label_inbox/hurricane_066c218ce380.jpg,hurricane,0.800,hurricane,
1754950093,data/label_inbox/hurricane_0ba2806e7a8f.jpg,hurricane,0.800,hurricane,
1754950094,data/label_inbox/hurricane_0be3b38ed392.jpg,hurricane,0.800,hurricane,
1754950098,data/label_inbox/hurricane_0c5592ed4e34.jpg,hurricane,0.800,windstorm,
1754950102,data/label_inbox/hurricane_0ef7859227c7.jpg,hurricane,0.800,hurricane,
1754950103,data/label_inbox/hurricane_0f829ed9349a.jpg,hurricane,0.800,hurricane,
1754950105,data/label_inbox/hurricane_110790fcecf0.jpg,hurricane,0.800,hurricane,
1754950106,data/label_inbox/hurricane_1c361ab6530f.jpg,hurricane,0.800,hurricane,
1754950108,data/label_inbox/hurricane_1ddbb19f8ad2.jpg,hurricane,0.800,hurricane,
1754950111,data/label_inbox/hurricane_2070b2b251b4.jpg,hurricane,0.800,hurricane,
1754950113,data/label_inbox/hurricane_20bf9ce9cd58.jpg,hurricane,0.800,hurricane,
1754950114,data/label_inbox/hurricane_22aaaf435087.jpg,hurricane,0.800,hurricane,
1754950118,data/label_inbox/hurricane_23e394fd229e.jpg,hurricane,0.800,windstorm,
1754950120,data/label_inbox/hurricane_24282640cfec.jpg,hurricane,0.800,hurricane,
1754950122,data/label_inbox/hurricane_2519f5d0fac5.jpg,hurricane,0.800,hurricane,
1754950125,data/label_inbox/hurricane_28b3d8a750ec.jpg,hurricane,0.800,hurricane,
1754950127,data/label_inbox/hurricane_30df578c5581.jpg,hurricane,0.800,hurricane,
1754950128,data/label_inbox/hurricane_35f13c16f68e.jpg,hurricane,0.800,hurricane,
1754950129,data/label_inbox/hurricane_389bc03a6167.jpg,hurricane,0.800,hurricane,
1754950131,data/label_inbox/hurricane_39a2f1446ef2.jpg,hurricane,0.800,hurricane,
1754950132,data/label_inbox/hurricane_3f0a5e176bb4.jpg,hurricane,0.800,hurricane,
1754950133,data/label_inbox/hurricane_3f21add732e0.jpg,hurricane,0.800,hurricane,
1754950134,data/label_inbox/hurricane_40ccbd5aa287.jpg,hurricane,0.800,hurricane,
1754950135,data/label_inbox/hurricane_42f6c7a5c3f8.jpg,hurricane,0.800,hurricane,
1754950136,data/label_inbox/hurricane_465d7e53d1be.jpg,hurricane,0.800,hurricane,
1754950137,data/label_inbox/hurricane_47e253d7dd33.jpg,hurricane,0.800,hurricane,
1754950137,data/label_inbox/hurricane_4953e7225516.jpg,hurricane,0.800,hurricane,
1754950139,data/label_inbox/hurricane_4d5a64f0be38.jpg,hurricane,0.800,hurricane,
1754950142,data/label_inbox/hurricane_4ed1022763c9.jpg,hurricane,0.800,windstorm,
1754950144,data/label_inbox/hurricane_56b359a18a2b.jpg,hurricane,0.800,hurricane,
1754950145,data/label_inbox/hurricane_574227be60a8.jpg,hurricane,0.800,hurricane,
1754950146,data/label_inbox/hurricane_586ab47988fa.jpg,hurricane,0.800,hurricane,
1754950147,data/label_inbox/hurricane_651c039298fe.jpg,hurricane,0.800,hurricane,
1754950148,data/label_inbox/hurricane_6967a03b62c6.jpg,hurricane,0.800,hurricane,
1754950150,data/label_inbox/hurricane_74029be32d6a.jpg,hurricane,0.800,hurricane,
1754950151,data/label_inbox/hurricane_7640a828b9cf.jpg,hurricane,0.800,hurricane,
1754950154,data/label_inbox/hurricane_824cb1cb240b.jpg,hurricane,0.800,hurricane,
1754950157,data/label_inbox/hurricane_8385e5a63dc8.jpg,hurricane,0.800,hurricane,
1754950161,data/label_inbox/hurricane_844aad786ed9.jpg,hurricane,0.800,windstorm,
1754950162,data/label_inbox/hurricane_870caef5baa4.jpg,hurricane,0.800,hurricane,
1754950163,data/label_inbox/hurricane_87a9d5afd7bd.jpg,hurricane,0.800,hurricane,
1754950165,data/label_inbox/hurricane_8d98d1b8815a.jpg,hurricane,0.800,hurricane,
1754950166,data/label_inbox/hurricane_8da5f8ad38ce.jpg,hurricane,0.800,hurricane,
1754950167,data/label_inbox/hurricane_8db5b33ea6f0.jpg,hurricane,0.800,hurricane,
1754950169,data/label_inbox/hurricane_8f6364447508.jpg,hurricane,0.800,hurricane,
1754950170,data/label_inbox/hurricane_90e1d011adb7.jpg,hurricane,0.800,hurricane,
1754950171,data/label_inbox/hurricane_98da6a4d7c2b.jpg,hurricane,0.800,hurricane,
1754950173,data/label_inbox/hurricane_a4b22ee291c6.jpg,hurricane,0.800,hurricane,
1754950178,data/label_inbox/hurricane_a6d83eeee8c3.jpg,hurricane,0.800,windstorm,
1754950179,data/label_inbox/hurricane_aa9f49237e94.jpg,hurricane,0.800,hurricane,
1754950180,data/label_inbox/hurricane_aeb7432a716a.jpg,hurricane,0.800,hurricane,
1754950181,data/label_inbox/hurricane_aef7a9fec317.jpg,hurricane,0.800,hurricane,
1754950183,data/label_inbox/hurricane_afada068fe6c.jpg,hurricane,0.800,hurricane,
1754950184,data/label_inbox/hurricane_b03c8ae1164e.jpg,hurricane,0.800,hurricane,
1754950185,data/label_inbox/hurricane_b396abffdd83.jpg,hurricane,0.800,hurricane,
1754950186,data/label_inbox/hurricane_b7a9dea583bb.jpg,hurricane,0.800,hurricane,
1754950187,data/label_inbox/hurricane_bf706f0ddfd3.jpg,hurricane,0.800,hurricane,
1754950188,data/label_inbox/hurricane_ca1c42e8a3e7.jpg,hurricane,0.800,hurricane,
1754950190,data/label_inbox/hurricane_d0b18d29cc03.jpg,hurricane,0.800,hurricane,
1754950192,data/label_inbox/hurricane_d8c41e30a4c3.jpg,hurricane,0.800,hurricane,
1754950193,data/label_inbox/hurricane_d8e4584e2f9b.jpg,hurricane,0.800,hurricane,
1754950194,data/label_inbox/hurricane_de0087f39c49.jpg,hurricane,0.800,hurricane,
1754950195,data/label_inbox/hurricane_dfd4b838eefb.jpg,hurricane,0.800,hurricane,
1754950196,data/label_inbox/hurricane_e1f73b396a4e.jpg,hurricane,0.800,hurricane,
1754950200,data/label_inbox/hurricane_e7ee6ffff7ff.jpg,hurricane,0.800,windstorm,
1754950204,data/label_inbox/hurricane_e964d87979ab.jpg,hurricane,0.800,windstorm,
1754950205,data/label_inbox/hurricane_eaaa8d37f20d.jpg,hurricane,0.800,hurricane,
1754950207,data/label_inbox/hurricane_eb9fef142510.jpg,hurricane,0.800,hurricane,
1754950208,data/label_inbox/hurricane_f414f624ff99.jpg,hurricane,0.800,hurricane,
1754950211,data/label_inbox/hurricane_fa191aca2dcb.jpg,hurricane,0.800,hurricane,
1754950212,data/label_inbox/hurricane_fa52533617c1.jpg,hurricane,0.800,hurricane,
1754950213,data/label_inbox/hurricane_fb11b9465f62.jpg,hurricane,0.800,hurricane,
1754950214,data/label_inbox/hurricane_ffd63e820488.jpg,hurricane,0.800,hurricane,
1754950504,data/label_inbox/flood_00da8359e5f7.jpg,flood,0.800,flood,
1754950506,data/label_inbox/flood_01d042582d64.jpg,flood,0.800,flood,
1754950506,data/label_inbox/flood_03e974869659.jpg,flood,0.800,flood,
1754950516,data/label_inbox/flood_04ae34c2d6be.jpg,flood,0.800,other,
1754950517,data/label_inbox/flood_0a275f7913e0.jpg,flood,0.800,flood,
1754950518,data/label_inbox/flood_0f6ee7b0bfd7.jpg,flood,0.800,flood,
1754950521,data/label_inbox/flood_10552af9d961.jpg,flood,0.800,flood,
1754950524,data/label_inbox/flood_11f0857de71c.jpg,flood,0.800,flood,
1754950525,data/label_inbox/flood_14efbdf9f221.jpg,flood,0.800,flood,
1754950528,data/label_inbox/flood_1883908c3dd0.jpg,flood,0.800,flood,
1754950529,data/label_inbox/flood_22f08caffeda.jpg,flood,0.800,flood,
1754950530,data/label_inbox/flood_23e70270fb03.jpg,flood,0.800,flood,
1754950532,data/label_inbox/flood_25957f5bdc84.jpg,flood,0.800,flood,
1754950533,data/label_inbox/flood_2724f35e8e63.jpg,flood,0.800,flood,
1754950535,data/label_inbox/flood_2a99f2036bc2.jpg,flood,0.800,flood,
1754950536,data/label_inbox/flood_2ef0dab1d029.jpg,flood,0.800,flood,
1754950537,data/label_inbox/flood_31e9f844ec65.jpg,flood,0.800,flood,
1754950538,data/label_inbox/flood_329649ea71f2.jpg,flood,0.800,flood,
1754950539,data/label_inbox/flood_3460517d3f6a.jpg,flood,0.800,flood,
1754950541,data/label_inbox/flood_34adc5bd04d1.jpg,flood,0.800,flood,
1754950542,data/label_inbox/flood_357ac6f776ff.jpg,flood,0.800,flood,
1754950547,data/label_inbox/flood_37d6d1f72116.jpg,flood,0.800,flood,
1754950552,data/label_inbox/flood_3e4d303b83b7.jpg,flood,0.800,flood,
1754950554,data/label_inbox/flood_3fa4b5160b5c.jpg,flood,0.800,flood,
1754950555,data/label_inbox/flood_45887f763a00.jpg,flood,0.800,flood,
1754950556,data/label_inbox/flood_47960ebc3407.jpg,flood,0.800,flood,
1754950557,data/label_inbox/flood_494f25c494a7.jpg,flood,0.800,flood,
1754950560,data/label_inbox/flood_4dbdc2f08761.jpg,flood,0.800,flood,
1754950561,data/label_inbox/flood_568b24e816a1.jpg,flood,0.800,flood,
1754950562,data/label_inbox/flood_5859d9a3d230.jpg,flood,0.800,flood,
1754950564,data/label_inbox/flood_58c11b2a9961.jpg,flood,0.800,flood,
1754950565,data/label_inbox/flood_5e0bfafbf795.jpg,flood,0.800,flood,
1754950567,data/label_inbox/flood_5e295b2d5de3.jpg,flood,0.800,flood,
1754950568,data/label_inbox/flood_67be60963ab5.jpg,flood,0.800,flood,
1754950573,data/label_inbox/flood_6a4502a632c3.jpg,flood,0.800,windstorm,
1754950578,data/label_inbox/flood_6c595aab32de.jpg,flood,0.800,flood,
1754950589,data/label_inbox/flood_6cd194a17d61.jpg,flood,0.800,flood,
1754950595,data/label_inbox/flood_747a3317a6a8.jpg,flood,0.800,flood,
1754950597,data/label_inbox/flood_7638ada43fbc.jpg,flood,0.800,flood,
1754950598,data/label_inbox/flood_7a4819b10d0a.jpg,flood,0.800,flood,
1754950598,data/label_inbox/flood_7bfe59e66454.jpg,flood,0.800,flood,
1754950599,data/label_inbox/flood_7f34cb0c674c.jpg,flood,0.800,flood,
1754950603,data/label_inbox/flood_7f6a97777aa6.jpg,flood,0.800,hurricane,
1754950606,data/label_inbox/flood_7fa7031a73c3.jpg,flood,0.800,flood,
1754950608,data/label_inbox/flood_81bcfad2a769.jpg,flood,0.800,flood,
1754950610,data/label_inbox/flood_825858f68b1a.jpg,flood,0.800,flood,
1754950611,data/label_inbox/flood_84f76888fdaf.jpg,flood,0.800,flood,
1754950612,data/label_inbox/flood_9bdc23e883c3.jpg,flood,0.800,flood,
1754950612,data/label_inbox/flood_9cf170de6f84.jpg,flood,0.800,flood,
1754950614,data/label_inbox/flood_9d314e34b59b.jpg,flood,0.800,flood,
1754950618,data/label_inbox/flood_9f4bc913695a.jpg,flood,0.800,flood,
1754950631,data/label_inbox/flood_a27d8fab93a5.jpg,flood,0.800,sudden_accidental_water_discharge,
1754950632,data/label_inbox/flood_a85f96d53ffe.jpg,flood,0.800,flood,
1754950633,data/label_inbox/flood_a9072ecf7a5d.jpg,flood,0.800,flood,
1754950634,data/label_inbox/flood_a9e83cc3a011.jpg,flood,0.800,flood,
1754950635,data/label_inbox/flood_ad9c40ba7469.jpg,flood,0.800,flood,
1754950635,data/label_inbox/flood_af9c3bc5b087.jpg,flood,0.800,flood,
1754950637,data/label_inbox/flood_b125ea7df1d2.jpg,flood,0.800,flood,
1754950638,data/label_inbox/flood_b131eb152f18.jpg,flood,0.800,flood,
1754950639,data/label_inbox/flood_b1f67ae0d433.jpg,flood,0.800,flood,
1754950640,data/label_inbox/flood_b2177651ce6e.jpg,flood,0.800,flood,
1754950641,data/label_inbox/flood_b29df4e28579.jpg,flood,0.800,flood,
1754950642,data/label_inbox/flood_b4a4920d7229.jpg,flood,0.800,flood,
1754950643,data/label_inbox/flood_c0f2bd7859b2.jpg,flood,0.800,flood,
1754950644,data/label_inbox/flood_c1f05afdd284.jpg,flood,0.800,flood,
1754950646,data/label_inbox/flood_c29536be3c8c.jpg,flood,0.800,flood,
1754950647,data/label_inbox/flood_c9fd4e66a309.jpg,flood,0.800,flood,
1754950648,data/label_inbox/flood_cbaf862f0a50.jpg,flood,0.800,flood,
1754950650,data/label_inbox/flood_d1044ef6c40d.jpg,flood,0.800,flood,
1754950651,data/label_inbox/flood_d6b7e7be14be.jpg,flood,0.800,flood,
1754950651,data/label_inbox/flood_d6cc762a9d26.jpg,flood,0.800,flood,
1754950654,data/label_inbox/flood_d7f633b4c8fa.jpg,flood,0.800,flood,
1754950654,data/label_inbox/flood_db05718d2a43.jpg,flood,0.800,flood,
1754950655,data/label_inbox/flood_dfe60685f737.jpg,flood,0.800,flood,
1754950657,data/label_inbox/flood_e25520ad8a48.jpg,flood,0.800,flood,
1754950659,data/label_inbox/flood_e2572729e509.jpg,flood,0.800,flood,
1754950660,data/label_inbox/flood_e5aced288b06.jpg,flood,0.800,flood,
1754950662,data/label_inbox/flood_ea6456837894.jpg,flood,0.800,flood,
1754950663,data/label_inbox/flood_ebc625eaa032.jpg,flood,0.800,flood,
1754950665,data/label_inbox/flood_ebe41e2a9ac5.jpg,flood,0.800,flood,
1754950666,data/label_inbox/flood_ebef3d926b82.jpg,flood,0.800,flood,
1754950676,data/label_inbox/flood_ec4db77d06af.jpg,flood,0.800,windstorm,
1754950680,data/label_inbox/flood_eee6e5a4c910.jpg,flood,0.800,flood,
1754950681,data/label_inbox/flood_f19ebd7d1b32.jpg,flood,0.800,flood,
1754950681,data/label_inbox/flood_f3a5bbfcb002.jpg,flood,0.800,flood,
1754950682,data/label_inbox/flood_fbe30c942e24.jpg,flood,0.800,flood,
1754950683,data/label_inbox/flood_fefff6c4a694.jpg,flood,0.800,flood,
1754950684,data/label_inbox/flood_ff4631f34956.jpg,flood,0.800,flood,
